{"cameraMode":{"drawMode":0,"name":"Shaded","section":"Shading Mode"},"sceneLighting":false,"audioPlay":false,"sceneViewState":{"m_AlwaysRefresh":false,"showFog":true,"showSkybox":false,"showFlares":true,"showImageEffects":true,"showParticleSystems":true,"showVisualEffectGraphs":true,"m_FxEnabled":true},"in2DMode":false,"pivot":{"x":0.03157482296228409,"y":1.5466049909591675,"z":-2.013730049133301},"rotation":{"x":0.0005480456748045981,"y":0.9992949962615967,"z":-0.033301811665296558,"w":0.021191567182540895},"size":1.2778822183609009,"orthographic":false}