{"cameraMode":{"drawMode":0,"name":"Shaded","section":"Shading Mode"},"sceneLighting":false,"audioPlay":false,"sceneViewState":{"m_AlwaysRefresh":false,"showFog":true,"showSkybox":false,"showFlares":true,"showImageEffects":true,"showParticleSystems":true,"showVisualEffectGraphs":true,"m_FxEnabled":true},"in2DMode":false,"pivot":{"x":1.5790752172470093,"y":1.682753086090088,"z":0.5477714538574219},"rotation":{"x":-0.09275238960981369,"y":-0.07938805222511292,"z":0.005620517302304506,"w":-0.9925869107246399},"size":2.5617337226867677,"orthographic":false}